,power_index,ppp,forex_gold,defense_budget,external_debt,square_land_area,coastline_coverage,shared_borders,waterways,population,available_manpower,fit_for_service,reaching_mil_age_annually,total_personnel,active_personnel,reserve_personnel,paramilitary,air_force_personnel,army_personnel,navy_personnel,aircraft_total,fighters,attack_types,transports,trainers,special_mission,tanker_fleet,helicopters,attack_helicopters,tanks,vehicles,mlrs,oil_prod,oil_cons,oil_deficit,oil_res,nat_gas_prod,nat_gas_cons,nat_gas_deficit,nat_gas_res,coal_prod,coal_cons,coal_deficit,coal_res,labor_force,merchant_marine_fleet,ports,airports,roadway_coverage,railway_coverage,total_naval_assets,aircraft_carriers,submarines,army_readiness,airforce_readiness,artillery,lat,long
afghanistan,2.3118,18000000000,5000000000,49525000,145000000,652230,0,5987,1200,38346720,14955221,8436278,805281,60000,0,0,60000,0,0,0,0,0,0,0,0,0,0,0,0,0,530,13,0,25000,-25000,0,80193000,80193000,0,49554000000,2096000,2096000,0,66000000,4240000,0,2,46,34903,0,0.0,0.0,0.0,0.182,0.0,60,33.7680065,66.2385139
albania,1.8466,38000000000,4000000000,192400000,10000000000,28748,362,691,41,3095344,1516719,1287663,61907,8500,8000,0,500,500,8500,1000,19,0,0,0,0,0,0,19,0,40,2212,0,16000,26500,-10500,150000000,42050000,42050000,0,5692000000,9000,119000,-110000,522000000,1104000,70,4,3,3945,677,19.0,0.0,0.0,0.2,0.526,0,41.000028,19.9999619
algeria,0.3911,470000000000,100000000000,9979200000,6000000000,2381741,998,6734,0,44178884,21205864,18024985,706862,465000,130000,135000,200000,14000,255000,30000,547,90,22,60,87,10,5,273,50,1700,35990,298,1415000,450500,964500,12200000000,87853976000,46945035000,40908941000,4503900000000,0,85000,-85000,59000000,11000000,114,12,149,104000,3973,201.0,0.0,6.0,0.651,0.651,707,28.0000272,2.9999825
angola,0.8732,205700000000,16995000000,1059270000,45000000000,1246700,1600,5369,1300,34795287,6959057,3479529,347953,117000,107000,0,10000,6000,100000,1000,302,71,18,33,61,2,0,117,15,156,5500,165,1200000,135000,1065000,7785000000,6767715000,860887000,5906828000,343001000000,0,0,0,0,12510000,54,6,102,26000,2852,40.0,0.0,0.0,0.648,0.599,653,-11.8775768,17.5691241
argentina,0.4243,900000000000,45000000000,3064800000,280000000000,2780400,4989,11968,11000,46245668,20348094,17295880,693685,103000,83000,0,20000,14000,70500,18500,228,24,8,24,70,13,2,87,0,414,21724,26,700000,700000,0,2483000000,41194148000,49476585000,-8282437000,396464000000,829000,1550000,-721000,500000000,18000000,202,10,916,281290,36917,47.0,0.0,2.0,0.548,0.548,247,-34.9964963,-64.9672817
armenia,1.9137,40000000000,2200000000,632500000,12000000000,29743,0,1570,0,3000756,1680423,1377347,45011,259300,45000,210000,4300,3500,46000,0,64,4,10,2,10,0,0,36,20,519,11896,174,0,11000,-11000,0,0,2537497000,-2537497000,0,0,12000,-12000,163000000,1507000,0,0,7,7700,780,0.0,0.0,0.0,0.551,0.5,183,40.7696272,44.6736646
australia,0.2567,1250900000000,60000000000,52162000000,3115913000000,7741220,25760,0,2000,26141369,10979375,8992631,287555,90500,60500,30000,0,20000,50000,20000,353,24,48,38,98,31,6,108,22,59,33414,0,445000,1175000,-730000,2446000000,142104321000,41905381000,100198940000,3228115000000,504051000,99048000,405003000,149079000000,12568000,581,29,418,873573,33343,43.0,0.0,6.0,0.388,0.649,48,-24.7761086,134.755
austria,1.6543,465100000000,22000000000,3432000000,700000000000,83871,0,2524,0,8913088,4010890,3609801,98044,183000,23000,160000,0,4300,125000,0,101,15,0,11,12,0,0,63,0,56,3328,0,20000,280000,-260000,35200000,924515000,9207632000,-8283117000,5040000000,1327000,4899000,-3572000,0,4000000,0,4,50,137039,5800,0.0,0.0,0.0,0.387,0.653,53,47.59397,14.12456
azerbaijan,0.9391,140000000000,6700000000,3100000000,20000000000,86600,713,2468,0,10353296,5073115,3799660,155299,380000,65000,300000,15000,12000,55000,2200,148,17,11,2,32,0,0,86,16,920,29312,323,712000,110000,602000,7000000000,23075000000,11468000000,11607000000,1699000000000,0,19000,-19000,0,5000000,305,1,23,24981,2944,24.0,0.0,4.0,0.65,0.547,486,40.3936294,47.7872508
bahrain,1.4511,70000000000,2349000000,1538800000,55000000000,760,161,0,0,1540588,831901,708657,16946,133000,20000,110000,3000,1500,130000,750,116,17,0,3,37,0,0,59,28,180,2598,20,185000,75000,110000,186500000,18271840000,18251140000,20700000,81382000000,0,0,0,0,831600,205,2,4,4122,0,48.0,0.0,0.0,0.553,0.5,70,26.1551249,50.5344606
bangladesh,0.5871,800000000000,33420000000,3890400000,50300000000,143998,580,4413,8370,165650475,81168733,64934986,3147359,6965000,165000,0,6800000,21100,175000,30000,204,44,0,17,75,3,0,65,0,281,13100,70,14000,125000,-111000,30000000,28629927000,31268968000,-2639041000,126293000000,1016000,9345000,-8329000,293000000,66640000,468,3,18,369105,2460,112.0,0.0,2.0,0.655,0.5,400,24.4769288,90.2934413
belarus,1.0485,180000000000,7315000000,723120000,40000000000,207600,0,3599,2500,9413505,4989158,3690094,103549,445000,45000,290000,110000,18200,16500,0,191,38,67,4,22,0,0,60,21,862,13376,253,35000,135000,-100000,200000000,68951000,18639590000,-18570639000,2832000000,0,621000,-621000,0,4381000,4,1,65,86600,5528,0.0,0.0,0.0,0.55,0.503,818,53.4250605,27.6971358
belgium,1.1836,560000000000,26160000000,5513710000,1317513000000,30528,67,1297,2043,11847338,4857409,3838538,118473,33000,26000,7000,0,6500,12120,1300,106,44,0,6,36,0,0,20,0,0,7880,0,12000,645000,-633000,0,0,18171598000,-18171598000,0,1105000,4167000,-3062000,0,4122000,201,8,41,118414,3592,17.0,0.0,0.0,0.14,0.651,0,50.6402809,4.6667145
beliz,3.7178,2450000000,315000000,19332000,1320000000,22966,386,542,825,412387,156707,89488,8660,3000,2000,1000,0,0,1500,0,2,0,0,1,0,0,0,1,0,0,130,1,1300,4000,-2700,6700000,0,0,0,0,0,0,0,0,130500,813,2,47,3281,0,10.0,0.0,0.0,0.3,0.5,0,16.8259793,-88.7600927
benin,4.1269,42000000000,700000000,75251700,2805000000,112622,121,2123,150,13754688,5226781,2984767,288848,5000,5000,0,0,300,4300,200,2,0,0,2,0,0,0,0,0,0,150,0,0,45000,-45000,8000000,0,19057000,-19057000,1133000000,0,78000,-78000,0,3500000,6,1,6,16000,438,2.0,0.0,0.0,0.1,0.5,0,9.5293472,2.2584408
bhutan,6.2017,8420000000,1206000000,28908000,3000000000,38394,0,1136,0,867775,199588,119753,4339,8000,8000,0,0,0,5000,0,2,0,0,0,0,0,0,2,0,0,108,0,0,4500,-4500,0,0,0,0,0,174000,211000,-37000,0,400000,0,0,2,12205,0,0.0,0.0,0.0,0.1,0.5,0,27.549511,90.5119273
bolivia,1.4339,95000000000,10260000000,476970000,13000000000,1098581,0,7252,10000,12054379,5303927,4026163,229033,100000,60000,40000,0,22000,55000,5000,64,0,0,14,20,0,0,28,0,36,1070,0,66000,90000,-24000,241000000,15328422000,2918829000,12409593000,302990000000,0,0,0,1000000,6000000,45,5,855,90568,3690,0.0,0.0,0.0,0.3,0.5,100,-17.0568696,-64.9912286
bosnia-and-herzegovina,3.0788,48000000000,6474000000,178110000,11000000000,51197,20,1543,0,3816459,2366205,1965476,49614,15000,9000,6000,0,2100,13000,0,22,0,0,0,0,0,0,22,0,124,612,98,0,35000,-35000,0,0,218266,-218266,0,6966000,7752000,-786000,2264000000,806000,0,5,24,22926,965,0.0,0.0,0.0,0.671,0.636,20,44.3053476,17.5961467
botswana,2.7851,38000000000,7491000000,473400000,2200000000,581730,0,4347,0,2384246,1001383,600830,23842,9000,9000,0,0,5000,8500,0,46,11,0,10,9,0,0,16,0,45,1374,20,0,22000,-22000,0,0,0,0,0,1876000,1416000,460000,1660000000,1177000,0,0,74,31747,888,0.0,0.0,0.0,0.502,0.457,48,-23.1681782,24.5928742
brazil,0.2151,3000000000000,374000000000,18785000000,700000000000,8514877,7491,16145,50000,217240060,110792431,87547744,3475841,2100000,360000,1340000,400000,81000,235000,80500,665,42,76,125,209,37,2,171,0,466,41516,78,3630000,3145000,485000,12715000000,25385979000,35253198000,-9867219000,363984000000,13993000,31841000,-17848000,6596000000,86621000,864,17,4093,2000000,29850,112.0,0.0,7.0,0.701,0.65,682,-10.3333333,-53.2
bulgaria,0.9757,155060000000,28380000000,1105760000,40000000000,110880,354,1806,470,6873253,3230429,2646202,61859,61000,25000,36000,0,6500,36000,4000,66,11,6,7,20,0,0,22,2,410,9700,192,4500,100000,-95500,15000000,62439000,2929401000,-2866962000,5663000000,22298000,23213000,-915000,2366000000,3113000,79,2,68,19512,5114,29.0,0.0,0.0,0.651,0.606,656,42.6073975,25.4856617
burkina-faso,2.6607,45160000000,49000000,434250000,3056000000,274200,0,3611,0,21935399,8116094,5769007,350966,16750,12000,4500,250,500,7000,0,20,0,3,2,4,1,0,10,2,0,1112,5,0,31000,-31000,0,0,0,0,0,0,0,0,0,8501000,0,0,23,15304,622,0.0,0.0,0.0,0.32,0.35,12,12.0753083,-1.6880314
cambodia,2.1321,70000000000,12200000000,632250000,12000000000,181035,443,2530,3700,16713015,8022247,5615573,300834,110000,100000,0,10000,10000,85000,2800,24,0,0,4,0,0,0,20,0,644,7132,460,0,65000,-65000,0,0,0,0,0,0,2974000,-2974000,0,9000000,245,2,16,47263,642,27.0,0.0,0.0,0.551,0.542,338,12.5433216,104.8144914
cameroon,2.0296,94000000000,3235000000,398000000,9400000000,475440,400,5018,0,29321637,9969357,5893649,469146,52500,40000,0,12500,3500,30000,1300,31,0,0,6,6,2,0,17,0,0,850,20,65000,40000,25000,200000000,2678486000,986189000,1692297000,135071000000,0,0,0,0,10000000,94,3,33,77589,987,60.0,0.0,0.0,0.4,0.452,70,4.6125522,13.1535811
canada,0.3956,1742790000000,86680000000,36300000000,2124887000000,9984670,202080,8893,636,38232593,16440015,13304942,420559,94500,70000,19000,5500,15620,42000,15700,376,63,0,28,132,27,6,120,0,82,31852,0,5500000,2630000,2870000,170500000000,178723494000,124502315000,54221179000,2067126000000,48328000,25642000,22686000,6582000000,18136000,679,13,1467,1042300,77932,61.0,0.0,4.0,0.259,0.649,0,61.0666922,-107.991707
central-african-republic,3.2931,4500000000,304300000,41454000,780000000,622984,0,5920,2800,5454533,2127268,1210906,98182,11000,10000,0,1000,500,7500,0,3,0,0,2,0,0,0,1,0,3,228,0,0,2000,-2000,0,0,0,0,0,0,0,0,3000000,2242000,0,2,39,24000,0,0.0,0.0,0.0,0.233,0.333,0,7.0323598,19.9981227
chad,1.9751,25000000000,22900000,292610000,1724000000,1284000,0,6406,0,17963211,6466756,3628569,359264,40000,35000,0,5000,350,33250,0,34,0,6,6,4,2,0,16,3,90,2764,20,90000,12600,77400,1500000000,0,0,0,0,0,0,0,0,5654000,0,0,59,40000,0,0.0,0.0,0.0,0.52,0.5,15,15.6134137,19.0156172
chile,0.7712,445880000000,38980000000,5058000000,195000000000,756102,6435,7801,12290,18430408,8846596,7427454,294887,170000,80000,40000,50000,10600,80000,25000,289,45,0,32,106,20,6,80,0,270,9492,8,12000,362000,-350000,150000000,1109962000,6558312000,-5448350000,97976000000,542000,10573000,-10031000,1181000000,7249000,231,11,481,77801,7282,112.0,0.0,4.0,0.645,0.651,298,-31.7613365,-71.3187697
china,0.0722,23009780000000,3236000000000,230000000000,2027950000000,9596961,14500,22457,110000,1410539758,761691469,624869113,19747557,3135000,2000000,510000,625000,400000,2545000,300000,3166,1199,371,288,397,112,4,913,281,4950,174300,3145,4715000,14010000,-9295000,26022600000,179317495000,306576649000,-127259154000,6654250000000,4314681000,4506387000,-191706000,141595000000,774710000,6662,22,507,4960600,131000,730.0,2.0,78.0,0.75,0.7,4229,35.000074,104.999927
colombia,0.7011,685000000000,47130000000,8139000000,135644000000,1138910,3208,6672,24725,49059221,24039018,18985919,834007,1390000,360000,845000,185000,25000,180000,35000,465,17,38,83,85,28,1,211,0,0,8156,0,765500,355000,410500,2036000000,11305086000,11708232000,-403146000,87782000000,51395000,8547000,42848000,4554000000,20000000,122,8,836,206500,2141,265.0,0.0,4.0,0.394,0.6,116,4.099917,-72.9088133
croatia,1.2141,105000000000,18820000000,1047933180,50000000000,56594,5835,2237,785,4188853,2052538,1579198,54455,37000,15000,20000,2000,1250,7100,1400,80,12,0,0,26,0,0,42,0,75,3076,105,12500,72000,-59500,72000000,851005000,3009113000,-2158108000,24919000000,0,643000,-643000,0,1656000,354,6,69,26958,2722,34.0,0.0,0.0,0.752,0.7,256,45.3658443,15.6575209
cuba,1.1523,135000000000,11350000000,2989900000,30060000000,110860,3735,29,240,11008112,5944380,4755504,143105,1236000,50000,40000,1146000,8000,40000,3550,80,38,0,2,26,0,0,14,4,1230,12560,80,40000,165000,-125000,125000000,976023000,976023000,0,70792000000,0,4000,-4000,0,5000000,59,8,133,60000,8367,19.0,0.0,1.0,0.5,0.45,497,23.0131338,-80.8328748
czech-republic,0.7849,410000000000,148000000000,3262900000,192000000000,78867,0,2046,664,10705384,5031530,4078751,96348,26000,26000,0,0,5000,13000,0,97,12,16,10,17,2,0,40,11,50,6252,0,6500,220000,-213500,15000000,189185000,8815133000,-8625948000,3964000000,33806000,37212000,-3406000,2927000000,5222000,0,3,128,55744,9408,0.0,0.0,0.0,0.392,0.701,66,49.7439047,15.3381061
democratic-republic-of-the-congo,1.3055,95000000000,457500000,299220000,4605000000,2344858,37,10481,15000,108407721,36858625,29486900,2384970,150000,140000,0,10000,4000,140000,6700,46,1,4,8,0,0,0,32,8,214,3728,57,22000,20000,2000,180000000,368000,368000,0,991000000,0,10000,-10000,88000000,20692000,22,11,198,152373,4007,16.0,0.0,0.0,0.503,0.5,141,-2.9814344,23.8222636
denmark,0.8011,326200000000,75250000000,4200000000,505000000000,43094,7314,140,400,5920767,2605137,2107793,76970,61500,16000,45500,0,3500,90000,3600,115,33,4,4,37,3,0,34,0,44,4024,0,70000,165500,-95500,440000000,1314636000,2188096000,-873460000,29534000000,0,1249000,-1249000,0,2736000,717,8,80,74558,3476,74.0,0.0,0.0,0.477,0.748,19,55.670249,10.3333283
dominican-republic,2.5742,185000000000,6873000000,630720000,25000000000,48320,1288,376,350,10694700,4919562,3989123,96252,90000,60000,0,30000,16100,30000,11200,63,0,8,12,10,1,0,31,0,12,2050,0,0,150000,-150000,0,0,1602759000,-1602759000,0,0,1791000,-1791000,0,4732000,38,5,36,19705,496,34.0,0.0,0.0,0.3,0.508,40,19.0974031,-70.3028026
ecuador,1.2181,185000000000,2395000000,2272630000,50667000000,283560,2237,2237,1500,17289554,7953195,6362556,311212,190500,70000,120000,500,6400,160500,9130,118,9,0,23,35,8,0,43,0,110,5804,0,480000,260000,220000,8275000000,342407000,342407000,0,10902000000,0,10000,-10000,24000000,8086000,145,5,432,43216,965,30.0,0.0,2.0,0.438,0.551,155,-1.3397668,-79.3666965
egypt,0.2224,1223040000000,35890000000,4357200000,110000000000,1001450,2450,2612,3500,107770524,44185915,37073060,1616558,1220000,440000,480000,300000,50000,685000,32500,1069,245,88,59,341,11,0,325,92,4664,77596,1575,661000,810200,-149200,3300000000,64292955000,58176781000,6116174000,1783958000000,262000,2310000,-2048000,16000000,24113000,421,11,83,65050,5085,245.0,0.0,8.0,0.65,0.65,3678,26.2540493,29.2675469
el-salvador,2.8583,52000000000,3567000000,295680000,17240000000,21041,307,590,0,6568745,3152998,2489554,144512,46000,21000,10000,15000,5000,14200,2500,46,0,13,3,2,0,0,28,0,0,1850,0,0,60000,-60000,0,0,0,0,0,0,1000,-1000,0,3000000,2,2,68,9012,15,4.0,0.0,0.0,0.2,0.5,70,13.8000382,-88.9140683
eritrea,2.2956,10000000000,225000000,105315000,800000000,117600,2234,1840,0,6209262,2173242,1564734,74511,375000,175000,200000,0,3500,200000,1000,33,8,0,5,7,0,0,13,6,1756,3512,219,0,5500,-5500,0,0,0,0,0,0,0,0,0,2710000,9,2,13,16000,306,20.0,0.0,0.0,0.401,0.303,210,15.9500319,37.9999668
estonia,2.0686,45000000000,345000000,713690000,24000000000,45228,3794,657,335,1211524,593647,462802,13327,250000,4000,230000,16000,1570,6100,500,6,0,0,2,4,0,0,0,0,0,1976,0,22000,30000,-8000,0,0,417106000,-417106000,0,0,3000,-3000,0,648000,68,6,18,58412,2146,6.0,0.0,0.0,0.12,0.667,0,58.7523778,25.3319078
ethiopia,0.7979,264050000000,3013000000,538000000,30000000000,1104300,0,5925,0,113656596,54555166,33869666,2614102,150000,150000,0,0,5000,65000,11500,89,23,0,9,26,0,0,31,6,468,6240,183,0,110000,-110000,400000,0,0,0,24919000000,0,689000,-689000,0,53000000,11,2,57,120171,659,0.0,0.0,0.0,0.6,0.551,419,10.2116702,38.6521203
finland,0.8099,260000000000,10510000000,6383925000,600000000000,338145,1250,2563,7842,5601547,2296634,1904526,56015,938000,24000,900000,14000,41100,42000,38200,166,55,0,11,79,1,0,20,0,239,5368,75,8500,210000,-201500,0,0,2392826000,-2392826000,0,762000,3552000,-2790000,0,2520000,272,6,148,454000,5926,246.0,0.0,0.0,0.749,0.651,777,63.2467777,25.9209164
france,0.1848,2832170000000,156400000000,45943325500,6356459000000,643801,4853,4072,8501,68305148,30054265,23770192,751357,415000,205000,35000,175000,40500,142000,44000,1004,226,0,114,163,44,19,438,69,222,72676,13,82000,1700000,-1618000,62000000,16226000,38192256000,-38176030000,7787000000,2312000,10712000,-8400000,0,27742000,548,17,464,1053215,29640,126.0,1.0,9.0,0.801,0.75,102,46.603354,1.8883335
gabon,2.9235,32000000000,981600000,280620000,6500000000,267667,885,3261,1600,2340613,889433,507913,44472,8500,6500,0,2000,1500,5000,500,23,6,0,2,0,0,0,15,0,0,848,28,175000,15000,160000,2000000000,319102000,319102000,0,25995000000,0,0,0,0,560000,62,5,44,14300,649,10.0,0.0,0.0,0.3,0.435,4,-0.8999695,11.6899699
georgia,1.7181,52330000000,3039000000,286020000,20000000000,69700,310,1814,4349,4935518,2763890,2240725,93775,66600,61200,0,5400,3000,50000,0,66,0,10,2,12,0,0,38,9,243,7187,165,300,35000,-34700,35000000,6088000,2539649000,-2533561000,8495000000,99000,362000,-263000,201000000,700000,25,2,22,20295,1363,44.0,0.0,0.0,0.551,0.545,276,-54.8432857,-35.8090698
germany,0.3881,4238800000000,200100000000,52332500000,5671463000000,357022,2389,3694,7467,84316622,37785646,31028517,843166,199000,184000,15000,0,30000,65000,16500,601,134,75,44,26,37,0,287,55,266,68660,38,135000,2350000,-2215000,115200000,5128909000,87546767000,-82417858000,23390000000,114860000,145379000,-30519000,35900000000,44585000,599,13,539,625000,33590,80.0,0.0,6.0,0.638,0.75,121,51.1638175,10.4478313
ghana,2.1741,164840000000,7555000000,289400000,20500000000,238533,539,2420,1293,33107275,14236128,9534895,595931,14000,14000,0,0,5000,75000,3500,20,0,0,2,5,2,0,11,0,0,1656,15,186000,100000,86000,660000000,1598653000,2224568000,-625915000,22653000000,0,48000,-48000,0,12490000,51,2,10,109515,947,20.0,0.0,0.0,0.317,0.5,6,8.0300284,-1.0800271
greece,0.4621,295000000000,7807000000,6600000000,500000000000,131957,13676,1110,6,10533871,4950919,4013405,105339,385500,130000,220500,35000,42500,175000,30000,635,193,0,17,144,10,0,271,29,1365,58222,152,5000,310000,-305000,10000000,5748000,5831987000,-5826239000,991000000,13851000,13828000,23000,2876000000,4000000,1236,7,77,117000,2548,120.0,0.0,11.0,0.65,0.65,1319,38.9953683,21.9877132
guatemala,2.0419,142000000000,11770000000,388000000,25000000000,108889,400,1667,990,17703190,7258308,6089897,177032,116500,21500,65000,30000,3500,75000,2500,34,0,4,9,4,0,0,17,0,12,3270,0,10500,115000,-104500,86100000,0,0,0,0,0,2280000,-2280000,0,6664000,9,2,291,17621,800,25.0,0.0,0.0,0.336,0.5,88,15.5855545,-90.345759
honduras,1.8851,50000000000,4708000000,405110000,10000000000,112090,832,1575,465,9459440,4162154,3121615,94594,99000,16000,60000,23000,16500,50000,5300,43,4,9,11,10,1,0,8,0,22,2238,0,0,70000,-70000,0,0,0,0,0,0,25000,-25000,0,3735000,505,4,103,14742,699,55.0,0.0,0.0,0.33,0.512,56,15.2572432,-86.0755145
hungary,0.8643,300320000000,28000000000,4500000000,125000000000,103000,0,2106,1622,9699577,4558801,3734337,116395,55000,23000,20000,12000,6000,32000,0,57,12,0,2,8,0,0,35,8,176,7128,0,35000,180600,-145600,12100000,1685020000,10545459000,-8860439000,3738000000,6956000,8079000,-1123000,2909000000,4414000,1,5,41,203601,8049,0.0,0.0,0.0,52.0,0.544,305,47.1817585,19.5060937
iceland,3.4845,20000000000,6700000000,0,20000000000,100250,4970,0,0,357603,82249,49349,1788,0,0,0,0,0,0,0,0,0,0,0,0,0,0,0,0,0,175,0,0,20000,-20000,0,0,0,0,0,0,142000,-142000,0,200000,41,3,96,12898,0,0.0,0.0,0.0,0.2,0.0,0,64.9841821,-18.1059013
india,0.1025,8443360000000,409800000000,54200000000,555388000000,3287263,7000,13888,14500,1389637446,653129600,515555492,23623837,5132000,1450000,1155000,2527000,310575,2197117,142252,2210,577,130,254,353,73,6,807,36,4614,100882,1500,772000,5000000,-4228000,4605000000,27734833000,61646806000,-33911973000,1380614000000,743214000,883979000,-140765000,105931000000,523000000,1801,13,346,4699024,68525,295.0,2.0,18.0,0.75,0.75,3411,22.3511148,78.6677428
indonesia,0.2221,3130470000000,130200000000,8800000000,400000000000,1904569,54716,2958,21579,277329163,135891290,112872969,4714596,1080000,400000,400000,280000,40000,300000,75000,466,41,37,67,127,17,1,176,15,314,12008,63,845000,1650000,-805000,2500000000,62612013000,38673953000,23938060000,1408478000000,563728000,132548000,431180000,39891000000,130000000,10427,16,673,496607,8159,324.0,0.0,4.0,0.7,0.65,567,-2.4833826,117.8902853
iran,0.2712,1044310000000,120600000000,5550000000,8000000000,1648195,2440,5894,850,86758304,48584650,40776403,1388133,1015000,575000,350000,90000,45000,350000,20000,541,196,23,86,94,9,7,126,12,4071,69685,1085,3450000,1935000,1515000,210000000000,237561415000,220704282000,16857133000,33987296000000,2783000,2794000,-11000,1203000000,30500000,893,4,319,223485,8484,101.0,0.0,19.0,0.65,0.601,2630,32.6475314,54.5643516
iraq,0.7365,372270000000,48880000000,5701100000,75000000000,438317,58,3809,5279,40462701,16994334,13757318,687866,330000,200000,0,130000,10000,180000,3000,361,26,33,16,112,21,0,164,40,923,39474,424,4162000,865000,3297000,145020000000,10710773000,18014129000,-7303356000,3728926000000,0,0,0,0,9000000,68,3,102,59623,2272,63.0,0.0,0.0,0.55,0.551,1707,33.0955793,44.1749775
ireland,1.8161,447970000000,4412000000,1255815000,3000000000000,70273,1448,443,956,5275004,2426502,2015052,58025,12700,8700,4000,0,755,7500,900,23,0,0,4,8,3,0,8,0,0,1064,0,600,160000,-159400,0,2652180000,5491562000,-2839382000,9911000000,0,351000,-351000,14000000,2300000,96,7,40,99830,4301,9.0,0.0,0.0,0.14,0.652,0,52.865196,-7.9794599
israel,0.2757,355000000000,113000000000,24300000000,135000000000,20770,273,1068,0,8914885,3744252,3111295,124808,646000,173000,465000,8000,89000,200000,20000,601,241,32,15,153,23,11,126,48,2200,56290,300,0,235000,-235000,12700000,10474299000,9442435000,1031864000,176017000000,0,5089000,-5089000,0,4000000,41,5,42,19555,1384,67.0,0.0,5.0,0.8,0.8,950,30.8124247,34.8594762
italy,0.1973,2322140000000,151200000000,37000000000,2500000000000,301340,7600,1836,2400,61095551,27492998,22238781,549860,297000,170000,20000,107000,45000,100000,31000,850,92,84,32,190,27,6,404,58,197,68508,21,110000,1255100,-1145100,500000000,3888491000,74313109000,-70424618000,45760000000,1456000,9335000,-7879000,17000000,23000000,1296,14,129,487700,20182,313.0,2.0,8.0,0.753,0.751,176,42.6384261,12.674297
ivory-coast,2.0881,135000000000,6257000000,510000000,15000000000,322463,515,3458,980,28713423,11772503,7522917,545555,32000,25000,0,7000,1000,20000,1000,6,0,0,4,0,0,0,1,1,10,468,6,35000,60000,-25000,100000000,2424768000,2424768000,0,28317000000,0,0,0,0,8747000,25,3,27,81996,660,10.0,0.0,0.0,0.43,0.5,4,7.9897371,-5.5679458
japan,0.1711,5225850000000,1264000000000,39660000000,4254271000000,377915,29751,0,1770,124214766,53412349,43226739,1117933,309000,240000,55000,14000,50000,150000,51000,1451,217,27,58,425,150,8,566,119,1004,111180,99,10200,3740000,-3729800,44100000,1928431000,102108738000,-100180307000,20898000000,29840000,210882000,-181042000,350000000,66540000,5201,44,175,1218772,27311,155.0,0.0,21.0,0.799,0.8,718,36.5748441,139.2394179
jordan,1.5098,100160000000,15560000000,1900000000,35000000000,89342,26,1744,540,10998531,3409545,2936608,142981,170000,90000,65000,15000,14000,140000,700,256,44,4,16,56,5,0,131,44,1588,44432,88,0,115000,-115000,1000000,115872000,4650978000,-4535106000,6031000000,0,219000,-219000,0,731000,35,1,18,7203,509,27.0,0.0,0.0,0.702,0.602,545,31.1667049,36.941628
kazakhstan,1.0873,475180000000,30750000000,2618000000,160000000000,2724900,26,13364,0,19398331,8729249,6634229,271577,77000,45000,0,32000,12000,65000,3000,237,81,39,17,25,0,0,75,25,300,5172,407,1865000,320500,1544500,30000000000,25785505000,14557101000,11228404000,2406928000000,102338000,74819000,27519000,25605000000,8685000,119,5,96,95409,1614,15.0,0.0,0.0,0.65,0.549,702,48.1012954,66.7780818
kenya,1.7701,225940000000,7354000000,1186080000,30000000000,580367,536,3457,0,55864655,20669922,13463382,893834,50000,35000,0,15000,10000,20000,6500,156,17,0,19,31,2,0,87,2,111,5800,0,0,116500,-116500,0,0,0,0,0,0,821000,-821000,0,19600000,26,2,197,177800,3819,23.0,0.0,0.0,0.565,0.647,71,1.4419683,38.4313975
kosovo,3.2863,20000000000,695000000,128688750,2500000000,10887,0,714,0,1952701,906053,734216,17574,8000,5000,3000,0,0,5000,0,0,0,0,0,0,0,0,0,0,0,3204,0,13000,13000,0,0,0,0,0,0,8538000,8549000,-11000,1564000000,500000,0,0,6,2012,333,0.0,0.0,0.0,0.13,0.0,0,42.5869578,20.9021231
kuwait,1.4441,210000000000,33700000000,8172000000,50000000000,17818,499,475,0,3068155,1687485,1417488,36818,38000,17000,14000,7000,2500,25000,2700,114,33,0,2,16,0,3,60,16,367,21818,27,2720500,345000,2375500,101500000000,19509907000,24322970000,-4813063000,1783958000000,0,68000,-68000,0,2700000,165,5,7,5749,0,123.0,0.0,0.0,0.523,0.649,74,29.2733964,47.4979476
kyrgyzstan,2.1703,30000000000,2177000000,116040000,10000000000,199951,0,4573,600,6071750,3096593,2446915,115363,25000,15000,0,10000,500,10000,0,6,0,0,0,0,0,0,6,2,215,5268,21,700,35,665,40000000,25542000,207845000,-182303000,5663000000,2287000,1717000,570000,971000000,2841000,0,2,28,34000,424,0.0,0.0,0.0,0.603,0.5,375,41.5089324,74.724091
laos,2.3168,55000000000,1270000000,38280000,15000000000,236800,0,5274,4600,7749595,3409822,2456622,154992,130000,30000,0,100000,1000,20000,3500,34,0,0,3,4,0,0,27,0,130,6400,87,0,20000,-20000,0,0,0,0,0,16040000,15823000,217000,503000000,3582000,1,0,41,39568,0,0.0,0.0,0.0,0.652,0.559,132,20.0171109,103.378253
latvia,1.9161,55755000000,4614000000,927465554,40164000000,64589,498,1370,300,1842226,829002,663201,16580,29700,6500,15000,8200,250,7000,350,4,0,0,0,0,0,0,4,0,0,2930,6,1600,40000,-38400,0,0,1067798000,-1067798000,0,0,39000,-39000,0,885000,70,2,42,70244,1860,18.0,0.0,0.0,0.392,0.5,59,56.8406494,24.7537645
lebanon,2.2381,80000000000,55420000000,1001400000,35000000000,10400,225,484,170,5296814,2065757,1753245,68859,105000,80000,0,25000,2500,60000,1700,78,0,9,0,9,0,0,60,0,361,9864,30,0,170000,-170000,0,0,0,0,0,0,268000,-268000,0,2166000,48,2,8,21705,401,86.0,0.0,0.0,0.654,0.551,458,33.8750629,35.843409
liberia,4.0006,6500000000,459800000,11800000,826000000,111369,579,1667,0,5358483,2357733,1886186,64302,2000,2000,0,0,0,1500,350,0,0,0,0,0,0,0,0,0,0,650,0,0,9500,-9500,0,0,0,0,0,0,0,0,0,1677000,3942,2,29,10600,429,6.0,0.0,0.0,0.1,0.0,0,5.7499721,-9.3658524
libya,1.4718,68650000000,74710000000,3570000000,3020000000,1759540,1770,4339,0,7137931,3711724,3190655,121345,135000,100000,0,35000,4500,100000,15000,127,20,2,8,65,0,0,32,7,325,4076,30,1255000,220000,1035000,50000000000,12414736000,7669690000,4745046000,1504868000000,0,0,0,0,1114000,94,5,146,37000,2000,7.0,0.0,0.0,0.3,0.551,0,26.8234472,18.1236723
lithuania,1.9026,100000000000,4450000000,1145745000,40000000000,65300,90,1545,441,2683546,1744305,1360558,37570,42000,16000,15000,11000,1500,10000,700,10,0,0,5,0,0,0,5,0,0,5456,0,4000,70000,-66000,12000000,0,2230854000,-2230854000,0,0,221000,-221000,0,1333000,64,3,61,84166,1768,11.0,0.0,0.0,0.393,0.7,75,55.3500003,23.7499997
luxembourg,2.8202,70000000000,900000000,600000000,4300000000000,2586,0,327,37,650364,149584,89750,3252,1000,1000,0,0,0,950,0,1,0,0,1,0,0,0,0,0,0,180,0,0,65000,-65000,0,0,776022000,-776022000,0,0,65000,-65000,0,476000,153,1,2,2875,275,0.0,0.0,0.0,0.17,1.0,0,49.8158683,6.1296751
madagascar,2.9078,40000000000,1600000000,109760000,3085000000,587040,4828,0,600,28172462,10705536,7606565,535277,23000,13000,0,10000,550,12500,500,4,0,0,0,0,0,0,4,0,386,430,0,0,21100,-21100,0,0,0,0,0,0,107000,-107000,0,13400000,27,4,83,31640,836,8.0,0.0,0.0,0.22,0.5,0,-18.9249604,46.4416422
malaysia,0.6189,855600000000,102400000000,2593874880,225000000000,329847,4675,2742,7200,33871431,15919573,13209858,541943,237000,85000,52000,100000,15000,80000,15000,147,26,12,18,38,6,4,43,0,48,19544,54,600000,720000,-120000,3600000000,74985350000,39586915000,35398435000,1189306000000,2977000,35268000,-32291000,226000000,15139000,1769,9,114,144403,1851,82.0,0.0,2.0,0.562,0.701,196,4.5693754,102.2656823
mali,2.1992,44000000000,647800000,591260000,4192000000,1240192,0,7908,0,20741769,6429948,4044645,331868,20000,18000,0,2000,350,12500,0,39,9,6,7,4,1,0,12,9,50,1294,45,0,40000,-40000,0,0,0,0,0,0,0,0,0,6447000,0,1,25,139107,593,0.0,0.0,0.0,0.409,0.462,15,16.3700359,-2.2900239
mauritania,3.0398,23000000000,875000000,194475000,4150000000,1030700,754,5002,0,4161925,1623151,1136206,79077,101500,31500,65000,5000,2500,25000,1000,23,0,4,6,7,2,0,4,0,0,1000,0,0,30000,-30000,20000000,0,0,0,28317000000,0,0,0,0,1437000,5,2,30,12253,728,5.0,0.0,0.0,0.12,0.522,0,20.2540382,-9.2399263
mexico,0.4687,2306320000000,175300000000,6456000000,456713000000,1964375,9330,4389,2900,129150971,60700956,49206520,2195567,415000,250000,65000,100000,12000,200000,75200,468,3,33,46,203,25,0,158,0,0,32468,0,1905500,2000000,-94500,5800000000,27037730000,86101223000,-59063493000,180321000000,9886000,10241000,-355000,1211000000,51000000,671,14,1714,398148,20825,194.0,0.0,0.0,0.4,0.65,90,23.6585116,-102.0077097
moldova,4.0861,32260000000,2803000000,47640000,7232000000,33851,0,1885,558,3287326,1972396,1637088,65747,19000,6000,12000,1000,700,4000,0,3,0,0,1,0,0,0,2,0,0,550,0,0,22000,-22000,0,57000,2802400000,-2802343000,0,0,133000,-133000,0,1300000,147,0,7,9352,1171,0.0,0.0,0.0,0.11,0.667,0,47.2879608,28.5670941
mongolia,2.0263,37600000000,3016000000,91980000,30000000000,1564116,0,8082,580,3227863,1839882,1526779,61329,180000,35000,135000,10000,1500,30500,0,11,0,0,3,2,0,0,6,0,470,10240,130,17000,36000,-19000,0,0,0,0,0,43904000,8818000,35086000,2520000000,1241000,302,0,44,113200,1815,0.0,0.0,0.0,0.521,0.545,300,46.8250388,103.8499736
montenegro,2.8704,11500000000,1077000000,74074500,2516000000,13812,294,680,0,604966,145192,85905,3630,12500,2500,0,10000,500,2000,500,11,0,0,0,0,0,0,11,0,0,918,18,0,7600,-7600,0,0,0,0,0,1456000,1351000,105000,142000000,167000,17,1,5,7762,250,13.0,0.0,0.0,0.338,0.545,12,42.9868853,19.5180992
morocco,1.0524,259420000000,26270000000,1039108400,55000000000,446550,1835,2363,0,36738229,17634350,14989197,624550,375000,200000,150000,25000,13500,150000,7800,250,83,0,30,67,4,2,64,0,1761,31972,48,0,310000,-310000,700000,105678000,1051658000,-945980000,1444000000,0,9321000,-9321000,14000000,10400000,93,7,62,57300,2067,121.0,0.0,0.0,0.649,0.652,664,31.1728205,-7.3362482
mozambique,2.2895,38420000000,3361000000,140200000,11000000000,799380,2470,4783,460,31693239,13945025,7384525,507092,12000,12000,0,0,4000,6500,550,19,8,0,2,1,0,0,8,2,186,1568,0,0,35500,-35500,0,5423828000,1397604000,4026224000,2831680000000,7250000,46000,7204000,1792000000,13000000,30,3,98,31083,4787,8.0,0.0,0.0,0.2,0.526,0,-19.302233,34.9144977
myanmar,0.5768,247240000000,4924000000,2285700000,6594000000,676578,1930,6522,12800,57526449,30489018,21975104,1035476,450000,400000,0,50000,15000,300000,16000,280,55,21,26,93,5,0,80,9,715,22516,586,8000,146200,-138200,140000000,17710912000,3612431000,14098481000,637128000000,1468000,1981000,-513000,6000000,22300000,95,3,64,157000,5031,210.0,0.0,2.0,0.651,0.65,2099,17.1750495,95.9999652
namibia,2.7081,22600000000,2432000000,363800000,8000000000,824292,1572,4220,0,2727409,600030,390019,30001,17500,12500,0,5000,1200,9000,1200,32,9,0,3,13,0,0,7,2,20,3606,10,0,26500,-26500,0,0,0,0,62297000000,0,38000,-38000,0,960000,14,2,112,48875,2628,8.0,0.0,0.0,0.403,0.438,35,-23.2335499,17.3231107
nepal,2.8728,110720000000,9091000000,437580000,6000000000,147181,0,3159,0,30666598,15026633,11561307,766665,105000,95000,0,10000,500,45000,0,15,0,0,5,0,0,0,10,0,0,2216,0,0,50000,-50000,0,0,0,0,0,28000,839000,-811000,1000000,17000000,0,0,47,27990,59,0.0,0.0,0.0,0.11,0.533,0,28.1083929,84.0917139
netherlands,0.5801,945480000000,38440000000,15751000000,4345413000000,41543,451,1053,6237,17400824,7830731,6351301,191409,45000,35000,5000,5000,6550,24000,7500,136,29,18,4,21,0,0,64,24,18,9298,0,76100,915500,-839400,140000000,32857597000,44752918000,-11895321000,132608000000,1879000,8241000,-6362000,497000000,9000000,1199,6,29,139124,3058,61.0,0.0,4.0,0.604,0.75,72,52.24764975,5.541246849406163
new-zealand,2.0617,215600000000,20680000000,3800000000,190621000000,267710,15134,0,0,5053004,2172792,1738233,60636,12100,9600,2500,0,3000,7500,3000,45,0,0,7,13,3,0,22,0,0,4040,0,14000,185000,-171000,41000000,4771126000,4946237000,-175111000,31148000000,3226000,3001000,225000,7575000000,2709000,115,6,123,94000,4128,9.0,0.0,0.0,0.282,0.644,31,-41.5000831,172.8344077
nicaragua,2.5685,34980000000,2758000000,88340000,12000000000,130370,910,1253,2220,6301880,3087921,2621582,138641,24000,24000,0,0,500,20000,550,16,0,0,5,1,0,0,10,0,198,7478,163,200,35000,-34800,0,0,0,0,0,0,0,0,0,3046000,5,2,147,23897,0,25.0,0.0,0.0,0.48,0.562,272,12.6090157,-85.2936911
niger,2.6327,28970000000,1314000000,287280000,4000000000,1267000,0,5834,300,24484587,7345376,4921402,416238,13000,10000,0,3000,350,8500,0,16,0,2,5,0,2,0,7,1,0,728,0,8000,14000,-6000,150000000,0,0,0,0,224000,224000,0,6000000,6500000,1,0,30,18949,0,0.0,0.0,0.0,0.11,0.5,0,17.7356214,9.3238432
nigeria,0.5587,1013530000000,38770000000,3484633740,27000000000,923768,853,4477,8600,225082083,119293504,85981356,4051477,215000,135000,0,80000,18000,80000,2500,144,14,24,20,28,6,0,52,15,177,15748,37,1647000,485000,1162000,37000000000,46296835000,18787602000,27509233000,5760883000000,44000,85000,-41000,344000000,60100000,791,4,54,195000,3798,136.0,0.0,0.0,0.653,0.597,369,9.6000359,7.9999721
north-korea,0.5118,38500000000,5000000000,4500000000,5000000000,120538,2495,1607,2250,25955138,9343850,5242938,415282,2000000,1200000,600000,200000,110000,850000,60000,947,458,114,1,169,0,0,205,20,6645,38944,2920,0,20500,-20500,0,0,0,0,0,16376000,6698000,9678000,600000000,14000000,264,7,82,25554,7435,519.0,0.0,35.0,0.6,0.501,10000,40.3736611,127.0870417
north-macedonia,2.1717,33000000000,2802000000,192639000,10000000000,25713,0,838,280,2130936,946136,782054,27702,73000,9000,60000,4000,350,8500,0,20,0,0,0,10,0,0,10,4,31,3760,12,0,23000,-23000,0,0,218917000,-218917000,0,5026000,5211000,-185000,332000000,795000,0,0,10,14182,925,0.0,0.0,0.0,0.602,0.55,209,41.6171214,21.7168387
norway,0.5289,342060000000,65920000000,7200000000,651040000000,323802,25148,2566,1577,5553840,2221536,1821660,72200,63000,23000,0,40000,3700,20000,4000,100,0,24,4,26,8,0,38,0,52,26592,12,2026000,216000,1810000,8122200000,112052523000,3980351000,108072172000,1544455000000,69000,1130000,-1061000,2000000,2699000,1644,11,95,94902,4200,48.0,0.0,6.0,0.65,0.75,57,61.1529386,8.7876653
oman,1.4081,135000000000,16090000000,8396300000,46270000000,309500,2092,1561,0,3764348,1430452,1245999,48937,106000,40000,60000,6000,5500,45000,4200,128,29,10,9,45,4,0,31,0,121,7552,12,980000,235000,745000,5375000000,36596746000,24279419000,12317327000,651286000000,0,115000,-115000,0,2255000,57,5,132,60230,0,22.0,0.0,0.0,0.657,0.602,183,21.0000287,57.0036901
pakistan,0.1694,1021130000000,18460000000,7500000000,110000000000,796095,1046,7257,25220,242923845,104457253,82594107,4615553,1704000,654000,550000,500000,80000,1301500,54100,1413,363,90,59,550,25,4,322,58,3742,77771,1838,101000,495000,-394000,540000000,38056250000,48391627000,-10335377000,592218000000,4855000,21012000,-16157000,3064000000,61710000,57,2,151,263775,11881,114.0,0.0,9.0,0.65,0.65,4570,30.3308401,71.247499
panama,3.2877,109000000000,2703000000,741160000,101393000000,75420,2490,687,800,4337768,1951996,1171197,52053,27000,0,0,27000,0,20500,0,41,0,0,14,4,1,0,22,0,0,2592,0,0,145000,-145000,0,0,552744000,-552744000,0,0,1118000,-1118000,0,1633000,7980,3,117,11978,77,20.0,0.0,0.0,0.13,0.561,0,8.559559,-81.1308434
paraguay,1.7863,85000000000,7877000000,353000000,16622000000,406752,0,4655,3100,7356409,3457512,2935207,147128,190000,20000,160000,10000,7500,35000,5400,39,0,0,9,15,0,0,14,0,10,4200,0,2000,57000,-55000,0,0,0,0,0,0,0,0,0,3428000,110,4,799,74676,30,0.0,0.0,0.0,0.361,0.538,56,-23.3165935,-58.1693445
peru,0.8466,400000000000,63830000000,1850000000,81333000000,1285216,2414,7062,8808,32275736,15492353,12555261,613239,245000,95000,100000,50000,20000,85000,26000,246,16,22,39,68,11,0,93,16,261,26368,61,123000,265500,-142500,860000000,12079211000,8278048000,3801163000,300158000000,696000,396000,300000,102000000,3421000,98,8,191,140672,1854,63.0,0.0,6.0,0.655,0.65,310,-6.8699697,-75.0458515
philippines,0.4811,871560000000,81570000000,4280000000,82000000000,300000,36289,0,3219,114597229,49276808,40452822,2062750,251000,101000,100000,50000,33500,100000,25000,188,0,25,23,24,8,0,108,1,0,28520,0,10500,530000,-519500,140000000,3632507000,3632507000,0,98542000000,13752000,32855000,-19103000,361000000,41533000,1805,5,247,216387,77,93.0,0.0,0.0,0.393,0.649,311,12.7503486,122.7312101
poland,0.3406,1200000000000,113300000000,20660000000,351770000000,312685,440,2845,3997,38093101,18665619,15313427,457117,152500,120000,0,32500,37000,65000,12500,459,91,0,49,102,9,0,208,30,569,50712,205,28500,700000,-671500,115000000,5666815000,21463908000,-15797093000,91492000000,108152000,110674000,-2522000,26932000000,9561000,143,4,126,420000,19231,86.0,0.0,1.0,0.56,0.699,490,52.215933,19.134422
portugal,0.6116,432063000000,32535320000,4908900000,401999000000,92090,1793,1224,764,10352042,5176021,3985536,124225,263400,27000,211700,24700,6000,15500,9000,104,28,0,16,23,10,0,27,0,37,10952,0,12932,234700,-221768,22440000,0,5940000000,-5940000000,0,0,957000,-957000,36000000,4900000,820,10,107,136635,3622,111.0,0.0,2.0,0.603,0.702,106,39.6621648,-8.1353519
qatar,1.1296,245660000000,15010000000,5856000000,170000000000,11586,563,87,0,2508182,627046,481571,12541,86550,66550,15000,5000,5000,42500,10000,198,68,6,12,52,0,0,60,24,138,8208,16,1815100,295000,1520100,25245000000,167460966000,37701809000,129759157000,23860500000000,0,0,0,0,1953000,129,3,6,7039,0,86.0,0.0,0.0,0.753,0.652,58,25.3336984,51.2295295
republic-of-the-congo,2.6648,20000000000,505700000,348160000,5000000000,342000,169,5008,1120,5546307,2052134,1231280,105380,14000,12000,0,2000,550,10000,0,13,2,0,3,0,0,0,8,1,53,1448,30,275000,13000,262000,2882000000,1400209000,1400209000,0,283989000000,0,0,0,0,2055000,11,6,27,23324,510,6.0,0.0,0.0,0.54,0.462,26,-0.7264327,15.6419155
romania,0.7735,556070000000,44430000000,5148090000,120000000000,238391,225,2844,1731,18519899,9630347,7889477,203719,132000,67000,50000,15000,10700,43000,7150,146,30,0,11,42,2,0,61,0,413,15836,207,75000,222200,-147200,600000000,10367941000,11087528000,-719587000,105480000000,15002000,16412000,-1410000,291000000,4900000,121,6,45,84185,11268,45.0,0.0,0.0,0.652,0.651,957,45.9852129,24.6859225
russia,0.0714,3900000000000,432700000000,82600000000,500000000000,17098242,37653,22408,102000,142021981,69590771,46583210,1278198,1330900,830900,250000,250000,250000,360000,155000,4182,773,744,444,524,147,19,1531,537,12566,151641,3887,10750000,3700000,7050000,80000000000,701544189000,460612169000,240932020000,47805215000000,447332000,266038000,181294000,162166000000,70000000,2873,8,1218,1283387,87157,598.0,1.0,70.0,0.65,0.5,10911,64.6863136,97.7453061
saudi-arabia,0.3626,1543240000000,496400000000,46000000000,205100000000,2149690,2640,4272,0,35354380,18384278,16899394,601024,350000,225000,0,125000,20000,75000,13500,897,283,81,49,190,14,22,258,34,1273,85140,186,10815700,3185000,7630700,260000000000,113776648000,113776648000,0,9422812000000,0,73000,-73000,0,14000000,392,5,214,221372,5410,57.0,0.0,0.0,0.751,0.7,665,25.6242618,42.3528328
senegal,2.7961,55260000000,1500000000,345375000,10000000000,196722,531,2684,1000,17923036,6810754,3889299,376384,17000,17000,0,0,1000,10000,500,27,0,0,3,10,1,0,13,5,0,1104,6,0,60000,-60000,0,60003000,60006000,-3000,0,0,894000,-894000,0,7000000,35,1,20,16665,715,4.0,0.0,0.0,0.393,0.519,20,14.4750607,-14.4529612
serbia,0.9571,125800000000,11910000000,1059200000,32000000000,77474,0,2322,587,6739471,3302341,2608175,80874,80000,25000,50000,5000,3000,13200,0,117,10,17,1,38,0,0,51,4,242,9592,82,15200,80000,-64800,77500000,455787000,2619191000,-2163404000,48139000000,39673000,40830000,-1157000,7514000000,3000000,0,1,26,44248,3809,0.0,0.0,0.0,0.651,0.65,162,44.1534121,20.55144
sierra-leone,3.5241,13150000000,478000000,19325000,1615000000,71740,402,1093,800,8692606,1912373,1147424,43463,13000,13000,0,0,350,5000,250,4,0,0,0,0,0,0,4,2,2,104,0,0,6000,-6000,0,0,0,0,0,0,0,0,0,132000,591,3,8,11700,0,10.0,0.0,0.0,0.2,0.5,0,8.6400349,-11.8400269
singapore,0.4613,531040000000,279900000000,13000000000,1557646000000,697,193,0,10,5921231,3848800,2581657,65134,310000,60000,240000,10000,15000,45000,9000,248,100,0,9,36,9,11,83,18,170,19134,24,0,1450000,-1450000,0,0,13396282000,-13396282000,0,0,423000,-423000,0,3778000,3321,1,9,3500,0,40.0,0.0,5.0,0.796,0.75,137,1.357107,103.8194992
slovakia,1.1789,165570000000,3622000000,2092000000,116000000000,49035,0,1587,172,5431252,2769939,2297420,59744,13000,13000,0,0,3200,6500,0,48,10,0,7,8,1,0,21,0,30,7104,25,4000,85200,-81200,9000000,62495000,4928199000,-4865704000,14158000000,2148000,5371000,-3223000,135000000,2511000,0,2,35,56926,3580,0.0,0.0,0.0,0.762,0.708,50,48.7411522,19.4528646
slovenia,1.7261,76750000000,889900000,581680000,50000000000,20273,47,1211,0,2101208,1008580,827876,22903,14000,7000,2000,5000,400,5000,320,37,0,0,3,22,0,0,12,0,48,7072,5,0,55000,-55000,0,4899000,904439000,-899540000,0,3175000,3502000,-327000,371000000,885000,9,1,16,38985,1229,2.0,0.0,0.0,0.76,0.703,44,46.1199444,14.8153333
somalia,4.0196,13190000000,30450000,63934000,5300000000,637657,3025,2385,0,12386248,2848837,1709302,123862,17500,17500,0,0,300,15000,300,0,0,0,0,0,0,0,0,0,0,3712,0,0,6000,-6000,0,0,0,0,5663000000,0,0,0,0,4154000,4,2,52,15000,0,3.0,0.0,0.0,0.08,0.0,0,8.3676771,49.083416
south-africa,0.4885,680040000000,50720000000,2814016919,180000000000,1219090,2798,5244,0,57516665,26457666,14264133,977783,232700,40200,12500,180000,12000,36000,6815,226,17,0,23,88,7,0,91,12,195,34540,101,100000,623000,-523000,15000000,1229544000,4771551000,-3542007000,0,248388000,170308000,78080000,9893000000,14687000,105,6,407,750000,20986,47.0,0.0,3.0,0.752,0.65,131,-28.8166236,24.991639
south-korea,0.1505,2187800000000,389200000000,42100000000,457745000000,99720,2413,237,1600,51844834,25922417,21256382,414759,1130000,555000,500000,75000,65000,420000,70000,1602,402,98,41,288,30,4,739,112,2331,133738,581,40000,2600000,-2560000,0,240042000,53419105000,-53179063000,7079000000,16364000,140579000,-124215000,326000000,27000000,1904,11,111,100428,3979,157.0,0.0,22.0,0.8,0.8,8766,36.638392,127.6961188
south-sudan,2.5261,20000000000,73000000,276000000,2250000000,644329,0,6018,0,11544905,5772453,3694370,300168,175000,175000,0,0,350,65000,550,18,0,0,2,0,0,0,16,6,120,1920,15,160000,13000,147000,3750000000,0,0,0,0,0,0,0,0,750000,0,0,89,90200,248,0.0,0.0,0.0,0.407,0.389,24,7.8699431,29.6667897
spain,0.3556,1714860000000,69410000000,15116590000,2338853000000,505370,4964,1953,1000,47163418,21695172,17591955,330144,215000,120000,15000,80000,23000,76000,21000,517,140,12,53,171,15,0,126,23,327,32368,0,50000,1328000,-1278000,150000000,57990000,32030000000,-31972010000,2549000000,546000,4918000,-4372000,1187000000,19060000,478,12,135,683175,15333,166.0,0.0,2.0,0.641,0.801,236,39.3260685,-4.8379791
sri-lanka,1.2478,274800000000,7959000000,1110000000,55332000000,65610,1340,0,160,23187516,11130008,9019944,324625,266500,250000,5500,11000,34000,100000,48000,86,5,0,17,6,2,0,56,9,182,7588,22,0,131100,-131100,0,0,0,0,0,0,2237000,-2237000,0,8000000,90,1,18,114093,1562,275.0,0.0,0.0,0.556,0.605,234,7.5554942,80.7137847
sudan,1.4079,176400000000,198000000,287210000,56050000000,1861484,853,6819,1723,47958856,25418194,16258052,1246930,205000,100000,50000,55000,13000,45000,2000,191,45,37,25,12,0,0,72,43,170,6976,40,67000,138000,-71000,5000000000,0,0,0,84950000000,0,0,0,0,11920000,15,1,67,31000,7251,18.0,0.0,0.0,0.651,0.55,409,7.8699431,29.6667897
suriname,4.0003,9460000000,424400000,41888000,2000000000,163820,386,1907,1200,632638,139180,82243,3163,1800,1800,0,0,350,1000,350,3,0,0,0,0,0,0,3,0,0,1200,0,15000,16000,-1000,90000000,0,0,0,0,0,0,0,0,144000,10,2,55,4304,0,18.0,0.0,0.0,0.1,0.333,0,4.1413025,-56.0771187
sweden,0.5679,524750000000,62220000000,6384089200,911317000000,450295,3218,2211,2052,10483647,4193459,3522505,104836,38000,16000,0,22000,3000,7000,2100,205,71,0,6,69,5,1,53,0,121,14088,0,11000,300000,-289000,0,0,1275785000,-1275785000,0,1070000,3328000,-2258000,1000000,5030000,370,11,231,573134,14127,367.0,0.0,5.0,0.511,0.849,48,59.6749712,14.5208584
switzerland,0.7191,590170000000,811200000000,5984000000,2000000000000,41277,0,1770,1299,8508698,3743827,3037605,93596,144000,24000,120000,0,20000,22000,0,148,43,0,16,45,3,0,41,0,380,8356,0,300,220000,-219700,0,0,3616169000,-3616169000,0,0,150000,-150000,0,5067000,20,1,63,71557,5690,0.0,0.0,0.0,0.3,0.797,0,46.7985624,8.2319736
syria,1.1095,47000000000,407300000,2020500000,5000000000,185180,193,2363,900,21563800,13800832,11967909,603786,150000,100000,0,50000,15000,80000,5500,453,208,18,5,67,0,0,153,27,2616,41148,669,81000,140000,-59000,2500000000,3531077000,351077000,3180000000,240693000000,0,38000,-38000,0,3767000,28,3,90,69873,2052,43.0,0.0,0.0,0.65,0.55,3544,34.6401861,39.0494106
taiwan,0.3639,1145277000000,456700000000,18310000000,190000000000,35980,1566,0,3720,23580712,12261970,1061132,306549,1681500,170000,1500000,11500,35000,100000,40000,737,285,0,19,207,19,0,207,91,1012,40916,115,800,1000000,-999200,2400000,150589000,22002493000,-21851904000,6230000000,5955000,67985000,-62030000,1000000,11500000,429,6,37,43206,1613,117.0,0.0,4.0,0.85,0.801,2032,23.9739374,120.9820179
tajikistan,2.6403,34880000000,1292000000,90134000,6500000000,143100,0,4130,200,9119347,4194900,3310323,155029,15000,9500,0,5500,1200,9000,0,25,0,0,1,4,0,0,20,6,37,4352,3,300,26200,-25900,12000000,18208000,157611000,-139403000,5663000000,2103000,2160000,-57000,375000000,2300000,0,0,24,30000,680,0.0,0.0,0.0,0.533,0.64,10,38.6281733,70.8156541
tanzania,2.0387,152790000000,5301000000,748920000,22054000000,947300,1424,4161,0,63852892,11493521,6321436,574676,67000,26000,40000,1000,800,15500,550,40,14,0,6,8,0,0,12,0,42,1424,0,0,53000,-53000,0,1378773000,1378773000,0,6513000000,712000,577000,135000,269000000,25000000,314,2,166,87581,4567,19.0,0.0,0.0,0.278,0.5,0,-6.5247123,35.7878438
thailand,0.3738,1200000000000,202600000000,5860000000,170000000000,513120,3219,5673,4000,69648117,36217021,27859247,1114370,456000,350000,100000,6000,47000,180000,70000,488,73,18,50,145,20,0,182,7,587,39808,22,440000,1285000,-845000,252800000,38420517000,54802466000,-16381949000,138243000000,13251000,35761000,-22510000,1063000000,40000000,839,5,101,180053,4127,292.0,0.0,0.0,0.756,0.75,306,14.8971921,100.83273
tunisia,1.3243,115000000000,5594000000,1177200000,36000000000,163610,1148,1495,0,11896970,5948485,5115697,202248,100000,90000,0,10000,4500,65000,6500,152,11,0,10,30,0,0,101,0,145,23200,0,45000,110000,-65000,425000000,1025974000,5279951000,-4253977000,65129000000,0,5000,-5000,0,4054000,71,5,29,20000,2173,40.0,0.0,0.0,0.422,0.651,105,33.8439408,9.400138
turkey,0.2016,2400000000000,107700000000,25200000000,455000000000,783562,7200,2816,1200,83047706,42437378,35627466,1411811,775000,425000,200000,150000,50000,200000,45000,1065,205,0,83,270,22,7,478,110,2229,112476,516,70500,990000,-919500,366000000,469464000,44605473000,-44136009000,3794000000,78871000,108271000,-29400000,11525000000,25677000,1217,10,98,67333,12710,154.0,0.0,12.0,0.85,0.8,3145,38.9597594,34.9249653
turkmenistan,1.5986,90000000000,24910000000,407070000,540000000,488100,1768,4158,1300,5636011,2716557,2203680,107084,35000,30000,0,5000,3000,33000,2000,86,24,31,5,0,0,0,26,10,680,8064,160,235300,155000,80300,600000000,83622908000,45398541000,38224367000,11326720000000,0,0,0,0,2305000,73,1,26,58592,5113,30.0,0.0,0.0,0.649,0.651,530,39.3763807,59.3924609
uganda,1.6264,95000000000,3654000000,934250000,14000000000,241038,0,2729,0,46205893,15710004,9287384,924118,58500,47000,10000,1500,1200,35000,0,50,10,0,3,12,0,0,25,5,180,4384,26,0,41000,-41000,2500000000,0,0,0,14158000000,0,0,0,0,16000000,0,3,47,20544,1244,0.0,0.0,0.0,0.615,0.56,33,1.5333554,32.2166578
ukraine,0.2516,515000000000,18810000000,30000000000,120000000000,603550,2782,5618,2150,43528136,22199349,15539545,478809,500000,200000,250000,50000,35000,200000,15000,312,69,28,26,71,5,0,113,33,1890,37000,647,60000,250000,-190000,395000000,19511040000,26413486000,-6902446000,1104355000000,23908000,41181000,-17273000,34375000000,18000000,409,6,187,169694,21733,38.0,0.0,0.0,0.7,0.599,1842,49.4871968,31.2718321
united-arab-emirates,0.8978,660000000000,95370000000,25266000000,240000000000,83600,1318,1066,0,9915803,5751166,4888491,79326,77000,65000,0,12000,4000,33000,3000,565,99,20,39,157,25,3,222,30,274,26196,40,3770000,865000,2905000,100000000000,62889064000,73750936000,-10861872000,6090887000000,0,2563000,-2563000,0,5344000,623,8,43,4080,0,79.0,0.0,0.0,0.56,0.701,124,24.0002488,53.9994829
united-kingdom,0.1435,3000000000000,150800000000,50235456000,8721590000000,243610,12429,443,3200,67791400,31184044,24947235,745705,231000,194000,37000,0,40000,114100,46200,663,119,26,42,212,22,9,233,33,227,73296,29,890500,1580000,-689500,2500000000,32482541000,75969895000,-43487354000,180661000000,2892000,9401000,-6509000,26000000,35412000,1249,16,460,394428,16837,73.0,2.0,10.0,0.799,0.799,215,54.7023545,-3.2765753
united-states-of-america,0.0712,20000000000000,123300000000,761681000000,20275951000000,9826675,19924,12048,41009,337341954,148430460,123129813,4385445,1832000,1390000,442000,0,660107,1010500,731600,13300,1914,843,962,2634,731,568,5584,983,5500,303553,1716,18000000,20555000,-2555000,50000000000,967144362000,857542658000,109601704000,13178780000000,495130000,441968000,53162000,228662000000,147000000,3627,35,13513,6586610,293564,484.0,11.0,68.0,0.75,0.75,2339,39.7837304,-100.445882
uruguay,1.9269,75060000000,15960000000,1072600000,45000000000,176215,660,1591,1600,3407213,1567318,1315184,54515,23500,22000,0,1500,3000,17000,6000,52,0,7,8,17,6,0,12,0,17,3792,4,400,50500,-50100,0,0,96872000,-96872000,0,0,0,0,0,2000000,61,1,133,77732,1673,18.0,0.0,0.0,0.705,0.654,70,-32.8755548,-56.0201525
uzbekistan,1.0692,239420000000,16000000000,692520000,17000000000,447400,420,6893,1100,31104937,16174567,13592857,622099,65000,55000,0,10000,15000,35000,550,197,58,20,13,7,0,0,99,33,420,11872,143,5500,100000,-94500,600000000,22694584000,22694584000,0,5673894000000,3980000,5668000,-1688000,1375000000,13273000,0,1,53,86496,4642,0.0,0.0,0.0,0.52,0.65,197,41.32373,63.9528098
venezuela,0.8228,265000000000,9661000000,1929600000,100300000000,912050,2800,5267,7100,29789730,14894865,12213789,595795,1767500,137500,30000,1600000,20000,115000,23000,250,44,0,64,79,3,1,59,10,352,27928,36,605000,470500,134500,303806000000,22694584000,22694584000,0,5673894000000,396000,33000,363000,731000000,14210000,281,5,444,96189,447,46.0,0.0,2.0,0.647,0.652,177,8.0018709,-66.1109318
vietnam,0.2855,800000000000,49500000000,6237600000,100000000000,331210,3444,4616,17702,103808319,53980326,44222344,1764741,3010000,470000,2500000,40000,35000,150000,50000,223,75,0,9,36,4,0,99,0,1829,55740,550,200000,500000,-300000,4400000000,8438095000,8438095000,0,699425000000,47789000,80568000,-32779000,3360000000,55000000,1926,8,45,195468,2600,109.0,0.0,6.0,0.7,0.65,1999,15.9266657,107.9650855
yemen,1.3985,65000000000,245400000,1010070000,7000000000,527968,1906,1601,0,30984689,11774182,8706698,588709,420000,45000,0,375000,7500,35000,10500,177,76,0,8,30,2,0,61,14,100,4800,25,70200,76000,-5800,3000000000,89906000,89906000,0,478554000000,0,22000,-22000,0,7500000,34,3,57,71300,0,35.0,0.0,0.0,0.6,0.503,50,16.3471243,47.8915271
zambia,1.7896,60120000000,2082000000,251160000,12000000000,752618,0,6043,2250,19642123,6874743,3908782,353558,17500,16500,0,1000,5300,8500,0,98,8,0,13,50,0,0,27,0,75,3616,50,0,25500,-25500,0,0,0,0,0,1116000,1176000,-60000,45000000,7000000,2,1,88,67671,3126,0.0,0.0,0.0,0.541,0.551,48,-14.5189121,27.5589884
zimbabwe,1.9787,40790000000,431800000,117390000,10000000000,390757,0,3229,0,15121004,5745982,3281258,317541,40000,30000,0,10000,5000,25000,0,90,10,0,14,38,0,0,28,6,40,4824,0,800,27500,-26700,0,0,0,0,0,3888000,3579000,309000,502000000,8000000,0,2,196,97267,3427,0.0,0.0,0.0,0.26,0.556,0,-18.4554963,29.7468414
